repo_owner_name,repo_name,repository_url,star_count,fork_count,pushedat,binding_file_path
repo_owner_name,repo_name,repository_url,star_count,fork_count,pushedat,binding_file_path
google,mediapipe,https://github.com/google/mediapipe,23676,4583,2023-10-23T15:01:56Z,"test_output/mediapipe/mediapipe/python/framework_bindings.cc, test_output/mediapipe/mediapipe/tasks/python/metadata/flatbuffers_lib/flatbuffers_lib.cc, test_output/mediapipe/mediapipe/tasks/cc/metadata/python/metadata_version.cc"
Tencent,MMKV,https://github.com/Tencent/MMKV,16254,1761,2023-10-10T08:25:37Z,test_output/MMKV/POSIX/Python/libmmkv_python.cpp
davisking,dlib,https://github.com/davisking/dlib,12323,2802,2023-10-11T23:39:48Z,"test_output/dlib/tools/python/src/dlib.cpp, test_output/dlib/dlib/external/pybind11/include/pybind11/pybind11.h, test_output/dlib/dlib/external/pybind11/include/pybind11/detail/internals.h, test_output/dlib/dlib/external/pybind11/include/pybind11/detail/type_caster_base.h, test_output/dlib/dlib/external/pybind11/include/pybind11/detail/common.h"
microsoft,onnxruntime,https://github.com/microsoft/onnxruntime,10707,2218,2023-10-23T14:05:20Z,"test_output/onnxruntime/orttraining/orttraining/test/external_custom_ops/src/foo_op.cpp, test_output/onnxruntime/orttraining/orttraining/python/orttraining_python_module.cc, test_output/onnxruntime/orttraining/orttraining/python/training/ortmodule/torch_cpp_extensions/cpu/torch_interop_utils/torch_interop_utils.cc, test_output/onnxruntime/orttraining/orttraining/python/training/ortmodule/torch_cpp_extensions/cuda/fused_ops/fused_ops_frontend.cpp, test_output/onnxruntime/orttraining/orttraining/python/training/ortmodule/torch_cpp_extensions/cuda/torch_gpu_allocator/torch_gpu_allocator.cc, test_output/onnxruntime/onnxruntime/python/onnxruntime_pybind_module.cc, test_output/onnxruntime/onnxruntime/python/torch_cpp_extensions/aten_op_executor/aten_op_executor.cc"
openai,triton,https://github.com/openai/triton,8512,883,2023-10-23T14:54:32Z,test_output/triton/python/src/main.cc
google,re2,https://github.com/google/re2,8248,1057,2023-10-20T14:31:32Z,test_output/re2/python/_re2.cc
finos,perspective,https://github.com/finos/perspective,6827,835,2023-10-21T03:55:11Z,test_output/perspective/python/perspective/perspective/include/perspective/python.h
NVIDIA,DALI,https://github.com/NVIDIA/DALI,4635,571,2023-10-23T14:28:10Z,"test_output/DALI/dali/python/backend_impl.cc, test_output/DALI/dali/operators/python_function/dltensor_function.cc"
spotify,pedalboard,https://github.com/spotify/pedalboard,4501,204,2023-10-17T14:57:28Z,test_output/pedalboard/pedalboard/python_bindings.cpp
patriciogonzalezvivo,glslViewer,https://github.com/patriciogonzalezvivo/glslViewer,4245,337,2023-10-22T18:31:47Z,test_output/glslViewer/src/python/bindings.cpp
mindspore-ai,mindspore,https://github.com/mindspore-ai/mindspore,3767,626.0,2023-07-26T22:31:11Z,"test_output/mindspore/mindspore/lite/python/src/pybind_module.cc, test_output/mindspore/mindspore/ccsrc/minddata/dataset/api/python/pybind_register.cc, test_output/mindspore/mindspore/ccsrc/minddata/mindrecord/common/shard_pybind.cc, test_output/mindspore/mindspore/ccsrc/pipeline/jit/init.cc, test_output/mindspore/mindspore/ccsrc/common/debug/common.cc, test_output/mindspore/mindspore/ccsrc/debug/debugger/offline_debug/mi_pybind_register.cc, test_output/mindspore/mindspore/ccsrc/plugin/device/ascend/hal/device/distribute/mpi_pycc.cc, test_output/mindspore/mindspore/core/utils/log_adapter.cc"
OpenNMT,CTranslate2,https://github.com/OpenNMT/CTranslate2,2018,186.0,2023-10-19T12:38:11Z,test_output/CTranslate2/python/cpp/module.cc
mitsuba-renderer,mitsuba2,https://github.com/mitsuba-renderer/mitsuba2,2015,254.0,2022-08-22T09:30:10Z,"test_output/mitsuba2/src/libcore/python/main.cpp, test_output/mitsuba2/src/libcore/python/main_v.cpp, test_output/mitsuba2/src/libui/python/main.cpp, test_output/mitsuba2/src/librender/python/main.cpp, test_output/mitsuba2/src/librender/python/main_v.cpp, test_output/mitsuba2/src/librender/python/old/main.cpp"
ytsaurus,ytsaurus,https://github.com/ytsaurus/ytsaurus,1627,,,"test_output/ytsaurus/contrib/python/matplotlib/py3/src/_ttconv.cpp, test_output/ytsaurus/contrib/python/matplotlib/py3/src/tri/_tri_wrapper.cpp, test_output/ytsaurus/contrib/python/contourpy/src/wrap.cpp, test_output/ytsaurus/contrib/libs/pybind11/include/pybind11/pybind11.h, test_output/ytsaurus/contrib/libs/pybind11/include/pybind11/detail/internals.h, test_output/ytsaurus/contrib/libs/pybind11/include/pybind11/detail/type_caster_base.h, test_output/ytsaurus/contrib/libs/pybind11/include/pybind11/detail/common.h"
AcademySoftwareFoundation,OpenColorIO,https://github.com/AcademySoftwareFoundation/OpenColorIO,1599,,,test_output/OpenColorIO/src/bindings/python/PyOpenColorIO.cpp
Farama-Foundation,ViZDoom,https://github.com/Farama-Foundation/ViZDoom,1590,,,test_output/ViZDoom/src/lib_python/ViZDoomPythonModule.cpp
KomputeProject,kompute,https://github.com/KomputeProject/kompute,1278,,,test_output/kompute/python/src/main.cpp
artivis,manif,https://github.com/artivis/manif,1277,,,test_output/manif/python/bindings_manif.cpp
symforce-org,symforce,https://github.com/symforce-org/symforce,1249,,,test_output/symforce/symforce/pybind/cc_sym.cc
shader-slang,slang,https://github.com/shader-slang/slang,1243,,,test_output/slang/source/slang/slang-emit-torch.cpp
stack-of-tasks,pinocchio,https://github.com/stack-of-tasks/pinocchio,1237,,,test_output/pinocchio/unittest/python/pybind11/cpp2pybind11.cpp
flexflow,FlexFlow,https://github.com/flexflow/FlexFlow,1224,,,test_output/FlexFlow/python/bindings.cc
CharlesShang,DCNv2,https://github.com/CharlesShang/DCNv2,1212,,,test_output/DCNv2/src/vision.cpp
google,tensorstore,https://github.com/google/tensorstore,1211,,,"test_output/tensorstore/python/tensorstore/cc_test_driver.cc, test_output/tensorstore/python/tensorstore/tensorstore_module.cc"
THUDM,AgentBench,https://github.com/THUDM/AgentBench,1197,,,test_output/AgentBench/src/server/tasks/card_game/AI/sdk/py_ai_sdk.cpp
sylefeb,Silice,https://github.com/sylefeb/Silice,1185,,,test_output/Silice/python/pysilice.cpp
MaximeHerpin,modular_tree,https://github.com/MaximeHerpin/modular_tree,1182,,,test_output/modular_tree/m_tree/python_bindings/main.cpp
tensor-compiler,taco,https://github.com/tensor-compiler/taco,1146,,,test_output/taco/python_bindings/src/pytaco.cpp
gem5,gem5,https://github.com/gem5/gem5,1144,,,"test_output/gem5/ext/pybind11/include/pybind11/pybind11.h, test_output/gem5/ext/pybind11/include/pybind11/detail/internals.h, test_output/gem5/ext/pybind11/include/pybind11/detail/type_caster_base.h, test_output/gem5/ext/pybind11/include/pybind11/detail/common.h, test_output/gem5/ext/pybind11/tests/pybind11_cross_module_tests.cpp, test_output/gem5/ext/pybind11/tests/eigen_tensor_avoid_stl_array.cpp, test_output/gem5/ext/pybind11/tests/pybind11_tests.cpp, test_output/gem5/ext/pybind11/tests/cross_module_gil_utils.cpp, test_output/gem5/ext/pybind11/tests/cross_module_interleaved_error_already_set.cpp, test_output/gem5/ext/pybind11/tests/test_embed/external_module.cpp, test_output/gem5/ext/pybind11/tests/test_cmake_build/main.cpp"
yahoojapan,NGT,https://github.com/yahoojapan/NGT,1125,,,test_output/NGT/python/src/ngtpy.cpp
YosysHQ,nextpnr,https://github.com/YosysHQ/nextpnr,1109,,,"test_output/nextpnr/3rdparty/pybind11/include/pybind11/pybind11.h, test_output/nextpnr/3rdparty/pybind11/include/pybind11/detail/internals.h, test_output/nextpnr/3rdparty/pybind11/include/pybind11/detail/type_caster_base.h, test_output/nextpnr/3rdparty/pybind11/include/pybind11/detail/common.h, test_output/nextpnr/3rdparty/pybind11/tests/pybind11_cross_module_tests.cpp, test_output/nextpnr/3rdparty/pybind11/tests/pybind11_tests.cpp, test_output/nextpnr/3rdparty/pybind11/tests/cross_module_gil_utils.cpp, test_output/nextpnr/3rdparty/pybind11/tests/cross_module_interleaved_error_already_set.cpp, test_output/nextpnr/3rdparty/pybind11/tests/test_embed/external_module.cpp, test_output/nextpnr/3rdparty/pybind11/tests/test_cmake_build/main.cpp"
primihub,primihub,https://github.com/primihub/primihub,1059,,,"test_output/primihub/src/primihub/pybind_warpper/express_wrapper.cc, test_output/primihub/src/primihub/pybind_warpper/channel_warpper.cc, test_output/primihub/src/primihub/pybind_warpper/network/link_context_wrapper.cc, test_output/primihub/src/primihub/pybind_warpper/dataset/dataset_warpper.cc, test_output/primihub/src/primihub/pybind_warpper/algorithm/opt_paillier_c2py.cc, test_output/primihub/src/primihub/data_store/ops_wapper.cc, test_output/primihub/src/primihub/task/pybind_wrapper/task_wrapper.cc"
llvm,torch-mlir,https://github.com/llvm/torch-mlir,987,,,"test_output/torch-mlir/python/TorchMLIRModule.cpp, test_output/torch-mlir/python/torch_mlir/dialects/torch/importer/jit_ir/csrc/init_python_bindings.cpp, test_output/torch-mlir/python/torch_mlir/csrc/reference_lazy_backend/reference_lazy_backend_pybind.cpp"
zxing-cpp,zxing-cpp,https://github.com/zxing-cpp/zxing-cpp,948,,,test_output/zxing-cpp/wrappers/python/zxing.cpp
quick-lint,quick-lint-js,https://github.com/quick-lint/quick-lint-js,944,,,test_output/quick-lint-js/vendor/benchmark/bindings/python/google_benchmark/benchmark.cc
laurentkneip,opengv,https://github.com/laurentkneip/opengv,940,,,test_output/opengv/python/pyopengv.cpp
uber,neuropod,https://github.com/uber/neuropod,924,72.0,2023-06-24T15:15:55Z,"test_output/neuropod/source/neuropod/bindings/neuropod_native.cc, test_output/neuropod/source/python/neuropod/backends/pytorch/test/custom_ops/addition_op_1/addition_op.cc, test_output/neuropod/source/python/neuropod/backends/pytorch/test/custom_ops/addition_op_2/addition_op.cc"
zerollzeng,tiny-tensorrt,https://github.com/zerollzeng/tiny-tensorrt,731,,,"test_output/tiny-tensorrt/src/PyTrt.cpp, test_output/tiny-tensorrt/third_party/pybind11/include/pybind11/pybind11.h, test_output/tiny-tensorrt/third_party/pybind11/include/pybind11/cast.h, test_output/tiny-tensorrt/third_party/pybind11/include/pybind11/detail/internals.h, test_output/tiny-tensorrt/third_party/pybind11/include/pybind11/detail/common.h, test_output/tiny-tensorrt/third_party/pybind11/tests/pybind11_cross_module_tests.cpp, test_output/tiny-tensorrt/third_party/pybind11/tests/pybind11_tests.cpp, test_output/tiny-tensorrt/third_party/pybind11/tests/cross_module_gil_utils.cpp, test_output/tiny-tensorrt/third_party/pybind11/tests/test_embed/external_module.cpp, test_output/tiny-tensorrt/third_party/pybind11/tests/test_cmake_build/main.cpp"
google,cld3,https://github.com/google/cld3,706,,,test_output/cld3/gcld3/pybind_ext.cc
cityflow-project,CityFlow,https://github.com/cityflow-project/CityFlow,681,,,test_output/CityFlow/src/cityflow.cpp
kuzudb,kuzu,https://github.com/kuzudb/kuzu,680,,,"test_output/kuzu/third_party/pybind11/include/pybind11/pybind11.h, test_output/kuzu/third_party/pybind11/include/pybind11/detail/internals.h, test_output/kuzu/third_party/pybind11/include/pybind11/detail/type_caster_base.h, test_output/kuzu/third_party/pybind11/include/pybind11/detail/common.h, test_output/kuzu/tools/python_api/src_cpp/kuzu_binding.cpp"
colmap,pycolmap,https://github.com/colmap/pycolmap,680,,,test_output/pycolmap/main.cc
bastibl,gr-ieee802-11,https://github.com/bastibl/gr-ieee802-11,671,,,test_output/gr-ieee802-11/python/bindings/python_bindings.cc
sophgo,tpu-mlir,https://github.com/sophgo/tpu-mlir,338,,,"test_output/tpu-mlir/python/tpu_mlir/RegisterEverything.cpp, test_output/tpu-mlir/bindings/pymlir/pymlir.cpp, test_output/tpu-mlir/bindings/pyruntime/pyruntime_bm.cpp, test_output/tpu-mlir/bindings/pyruntime/pyruntime_cvi.cpp"
PRBonn,vdbfusion,https://github.com/PRBonn/vdbfusion,333,,,test_output/vdbfusion/src/vdbfusion/pybind/vdbfusion_pybind.cpp
KaHIP,KaHIP,https://github.com/KaHIP/KaHIP,332,,,"test_output/KaHIP/misc/pymodule/kahip.cpp, test_output/KaHIP/misc/pymodule/pybind11/include/pybind11/pybind11.h, test_output/KaHIP/misc/pymodule/pybind11/include/pybind11/cast.h, test_output/KaHIP/misc/pymodule/pybind11/include/pybind11/detail/internals.h, test_output/KaHIP/misc/pymodule/pybind11/include/pybind11/detail/common.h, test_output/KaHIP/misc/pymodule/pybind11/tests/pybind11_cross_module_tests.cpp, test_output/KaHIP/misc/pymodule/pybind11/tests/pybind11_tests.cpp, test_output/KaHIP/misc/pymodule/pybind11/tests/cross_module_gil_utils.cpp, test_output/KaHIP/misc/pymodule/pybind11/tests/test_embed/external_module.cpp, test_output/KaHIP/misc/pymodule/pybind11/tests/test_cmake_build/main.cpp"
NERSC,timemory,https://github.com/NERSC/timemory,327,,,"test_output/timemory/source/python/libpytimemory.cpp, test_output/timemory/examples/ex-python/libex_bindings.cpp"
xtensor-stack,xtensor-python,https://github.com/xtensor-stack/xtensor-python,326,,,"test_output/xtensor-python/test_python/main.cpp, test_output/xtensor-python/docs/source/examples/sfinae/python.cpp, test_output/xtensor-python/docs/source/examples/readme_example_1/main.cpp, test_output/xtensor-python/docs/source/examples/copy_cast/main.cpp, test_output/xtensor-python/benchmark/main.cpp"
luxonis,depthai-python,https://github.com/luxonis/depthai-python,317,,,"test_output/depthai-python/src/py_bindings.cpp, test_output/depthai-python/tests/depthai_pybind11_tests.cpp"
eyllanesc,stackoverflow,https://github.com/eyllanesc/stackoverflow,309,,,test_output/stackoverflow/questions/55945085/slam.cpp
HawkAaron,warp-transducer,https://github.com/HawkAaron/warp-transducer,302,,,test_output/warp-transducer/pytorch_binding/src/binding.cpp
raisimTech,raisimLib,https://github.com/raisimTech/raisimLib,291,,,"test_output/raisimLib/raisimGymTorch/raisimGymTorch/env/raisim_gym.cpp, test_output/raisimLib/raisimGymTorch/thirdParty/pybind11/include/pybind11/pybind11.h, test_output/raisimLib/raisimGymTorch/thirdParty/pybind11/include/pybind11/detail/internals.h, test_output/raisimLib/raisimGymTorch/thirdParty/pybind11/include/pybind11/detail/type_caster_base.h, test_output/raisimLib/raisimGymTorch/thirdParty/pybind11/include/pybind11/detail/common.h, test_output/raisimLib/raisimGymTorch/thirdParty/pybind11/tests/pybind11_cross_module_tests.cpp, test_output/raisimLib/raisimGymTorch/thirdParty/pybind11/tests/pybind11_tests.cpp, test_output/raisimLib/raisimGymTorch/thirdParty/pybind11/tests/cross_module_gil_utils.cpp, test_output/raisimLib/raisimGymTorch/thirdParty/pybind11/tests/test_embed/external_module.cpp, test_output/raisimLib/raisimGymTorch/thirdParty/pybind11/tests/test_cmake_build/main.cpp, test_output/raisimLib/raisimPy/src/raisim_wrapper.cpp, test_output/raisimLib/thirdParty/pybind11/include/pybind11/pybind11.h, test_output/raisimLib/thirdParty/pybind11/include/pybind11/detail/internals.h, test_output/raisimLib/thirdParty/pybind11/include/pybind11/detail/type_caster_base.h, test_output/raisimLib/thirdParty/pybind11/include/pybind11/detail/common.h, test_output/raisimLib/thirdParty/pybind11/tests/pybind11_cross_module_tests.cpp, test_output/raisimLib/thirdParty/pybind11/tests/eigen_tensor_avoid_stl_array.cpp, test_output/raisimLib/thirdParty/pybind11/tests/pybind11_tests.cpp, test_output/raisimLib/thirdParty/pybind11/tests/cross_module_gil_utils.cpp, test_output/raisimLib/thirdParty/pybind11/tests/cross_module_interleaved_error_already_set.cpp, test_output/raisimLib/thirdParty/pybind11/tests/test_embed/external_module.cpp, test_output/raisimLib/thirdParty/pybind11/tests/test_cmake_build/main.cpp"
vgc,vgc,https://github.com/vgc/vgc,270,,,"test_output/vgc/libs/vgc/dom/wraps/module.cpp, test_output/vgc/libs/vgc/geometry/wraps/module.cpp, test_output/vgc/libs/vgc/ui/wraps/module.cpp, test_output/vgc/libs/vgc/graphics/wraps/module.cpp, test_output/vgc/libs/vgc/style/wraps/module.cpp, test_output/vgc/libs/vgc/core/wraps/module.cpp"
bluescarni,mppp,https://github.com/bluescarni/mppp,269,,,test_output/mppp/test/pybind11/pybind11_test_01.cpp
Huelse,SEAL-Python,https://github.com/Huelse/SEAL-Python,269,,,test_output/SEAL-Python/src/wrapper.cpp
chanzuckerberg,shasta,https://github.com/chanzuckerberg/shasta,268,,,test_output/shasta/src/PythonModule.cpp
CaoWGG,TensorRT-YOLOv4,https://github.com/CaoWGG/TensorRT-YOLOv4,267,,,"test_output/TensorRT-YOLOv4/onnx-tensorrt/third_party/onnx/third_party/pybind11/include/pybind11/pybind11.h, test_output/TensorRT-YOLOv4/onnx-tensorrt/third_party/onnx/third_party/pybind11/include/pybind11/cast.h, test_output/TensorRT-YOLOv4/onnx-tensorrt/third_party/onnx/third_party/pybind11/include/pybind11/detail/internals.h, test_output/TensorRT-YOLOv4/onnx-tensorrt/third_party/onnx/third_party/pybind11/include/pybind11/detail/common.h, test_output/TensorRT-YOLOv4/onnx-tensorrt/third_party/onnx/third_party/pybind11/tests/pybind11_cross_module_tests.cpp, test_output/TensorRT-YOLOv4/onnx-tensorrt/third_party/onnx/third_party/pybind11/tests/pybind11_tests.cpp, test_output/TensorRT-YOLOv4/onnx-tensorrt/third_party/onnx/third_party/pybind11/tests/test_cmake_build/main.cpp, test_output/TensorRT-YOLOv4/onnx-tensorrt/third_party/onnx/onnx/cpp2py_export.cc"
Simple-Robotics,proxsuite,https://github.com/Simple-Robotics/proxsuite,267,,,"test_output/proxsuite/bindings/python/src/expose-all.cpp, test_output/proxsuite/bindings/python/helpers/instruction-set.cpp"
uoip,pangolin,https://github.com/uoip/pangolin,266,,,"test_output/pangolin/python/pangolin.cpp, test_output/pangolin/external/pybind11/include/pybind11/pybind11.h, test_output/pangolin/external/pybind11/include/pybind11/cast.h, test_output/pangolin/external/pybind11/include/pybind11/detail/internals.h, test_output/pangolin/external/pybind11/include/pybind11/detail/common.h, test_output/pangolin/external/pybind11/tests/pybind11_cross_module_tests.cpp, test_output/pangolin/external/pybind11/tests/pybind11_tests.cpp, test_output/pangolin/external/pybind11/tests/test_cmake_build/main.cpp"
bark-simulator,bark,https://github.com/bark-simulator/bark,256,,,test_output/bark/bark/python_wrapper/main.cpp
haosulab,SAPIEN,https://github.com/haosulab/SAPIEN,255,,,"test_output/SAPIEN/python/pysapien.cpp, test_output/SAPIEN/extension/example_extension/example.cpp"
zchrissirhcz,cmake_examples,https://github.com/zchrissirhcz/cmake_examples,254,,,"test_output/cmake_examples/6_bindings_and_documentation/pybind11_example1/src/main.cpp, test_output/cmake_examples/6_bindings_and_documentation/pybind11_example1/pybind11/include/pybind11/pybind11.h, test_output/cmake_examples/6_bindings_and_documentation/pybind11_example1/pybind11/include/pybind11/cast.h, test_output/cmake_examples/6_bindings_and_documentation/pybind11_example1/pybind11/include/pybind11/detail/internals.h, test_output/cmake_examples/6_bindings_and_documentation/pybind11_example1/pybind11/include/pybind11/detail/common.h"
SYSU-STAR,H2-Mapping,https://github.com/SYSU-STAR/H2-Mapping,254,,,test_output/H2-Mapping/mapping/third_party/sparse_voxels/src/binding.cpp
gnuradio,gr-inspector,https://github.com/gnuradio/gr-inspector,250,,,test_output/gr-inspector/python/inspector/bindings/python_bindings.cc
snuspl,nimble,https://github.com/snuspl/nimble,248,,,"test_output/nimble/torch/library.h, test_output/nimble/torch/csrc/api/include/torch/python.h, test_output/nimble/test/cpp_extensions/msnpu_extension.cpp, test_output/nimble/test/cpp_extensions/jit_extension.cpp, test_output/nimble/test/cpp_extensions/rng_extension.cpp, test_output/nimble/test/cpp_extensions/cuda_extension.cpp, test_output/nimble/test/cpp_extensions/extension.cpp, test_output/nimble/test/cpp_extensions/cudnn_extension.cpp, test_output/nimble/test/cpp_extensions/cpp_c10d_extension.cpp, test_output/nimble/test/cpp_extensions/cpp_frontend_extension.cpp, test_output/nimble/benchmarks/operator_benchmark/pt_extension/extension.cpp, test_output/nimble/caffe2/python/pybind_state.cc, test_output/nimble/caffe2/python/pybind_state_hip.cc, test_output/nimble/caffe2/python/pybind_state_gpu.cc, test_output/nimble/caffe2/python/mpi_python.cc, test_output/nimble/caffe2/contrib/gloo/py_export.cc, test_output/nimble/caffe2/distributed/py_export.cc, test_output/nimble/caffe2/quantization/server/pybind.cc"
NGSolve,netgen,https://github.com/NGSolve/netgen,227,,,"test_output/netgen/ng/ngguipy.cpp, test_output/netgen/ng/netgenpy.cpp, test_output/netgen/libsrc/geom2d/python_geom2d.cpp, test_output/netgen/libsrc/core/python_ngcore_export.cpp, test_output/netgen/libsrc/occ/python_occ.cpp, test_output/netgen/libsrc/csg/vscsg.cpp, test_output/netgen/libsrc/csg/python_csg.cpp, test_output/netgen/libsrc/meshing/python_mesh.cpp, test_output/netgen/libsrc/stlgeom/python_stl.cpp, test_output/netgen/libsrc/stlgeom/vsstl.cpp"
gottingen,search-legend,https://github.com/gottingen/search-legend,225,,,"test_output/search-legend/tf210/tensorflow/python/sanitizers_wrapper.cc, test_output/search-legend/tf210/tensorflow/python/mlir_wrapper.cc, test_output/search-legend/tf210/tensorflow/python/pywrap_dtensor_device.cc, test_output/search-legend/tf210/tensorflow/python/pywrap_tensorflow_internal.cc, test_output/search-legend/tf210/tensorflow/python/py_exception_registry_wrapper.cc, test_output/search-legend/tf210/tensorflow/python/tfe_wrapper.cc, test_output/search-legend/tf210/tensorflow/python/tfcompile_wrapper.cc, test_output/search-legend/tf210/tensorflow/python/eager/function.cc, test_output/search-legend/tf210/tensorflow/python/eager/pywrap_tensor_test_util.cc, test_output/search-legend/tf210/tensorflow/python/eager/custom_device_testutil.cc, test_output/search-legend/tf210/tensorflow/python/training/quantize_training_wrapper.cc, test_output/search-legend/tf210/tensorflow/python/data/experimental/service/server_lib_wrapper.cc, test_output/search-legend/tf210/tensorflow/python/data/experimental/service/utils_wrapper.cc, test_output/search-legend/tf210/tensorflow/python/lite/toco_python_api_wrapper.cc, test_output/search-legend/tf210/tensorflow/python/framework/py_context_manager_pybind.cc, test_output/search-legend/tf210/tensorflow/python/framework/proto_comparators.cc, test_output/search-legend/tf210/tensorflow/python/framework/op_def_library_pybind.cc, test_output/search-legend/tf210/tensorflow/python/framework/python_api_info_wrapper.cc, test_output/search-legend/tf210/tensorflow/python/framework/python_api_parameter_converter_wrapper.cc, test_output/search-legend/tf210/tensorflow/python/framework/python_memory_checker_helper.cc, test_output/search-legend/tf210/tensorflow/python/framework/op_def_registry.cc, test_output/search-legend/tf210/tensorflow/python/framework/python_api_dispatcher_wrapper.cc, test_output/search-legend/tf210/tensorflow/python/framework/python_op_gen_wrapper.cc, test_output/search-legend/tf210/tensorflow/python/framework/dtypes.cc, test_output/search-legend/tf210/tensorflow/python/framework/op_def_util_pybind.cc, test_output/search-legend/tf210/tensorflow/python/framework/test_metrics_util.cc, test_output/search-legend/tf210/tensorflow/python/framework/python_tensor_converter_wrapper.cc, test_output/search-legend/tf210/tensorflow/python/framework/errors_test_helper.cc, test_output/search-legend/tf210/tensorflow/python/framework/memory_checker_test_helper.cc, test_output/search-legend/tf210/tensorflow/python/framework/experimental/tape.cc, test_output/search-legend/tf210/tensorflow/python/framework/experimental/unified_api.cc, test_output/search-legend/tf210/tensorflow/python/framework/experimental/nn_ops.cc, test_output/search-legend/tf210/tensorflow/python/framework/experimental/math_ops.cc, test_output/search-legend/tf210/tensorflow/python/util/fast_module_type.cc, test_output/search-legend/tf210/tensorflow/python/util/tensor_float_32.cc, test_output/search-legend/tf210/tensorflow/python/util/util_wrapper.cc, test_output/search-legend/tf210/tensorflow/python/util/function_parameter_canonicalizer_binding_for_test.cc, test_output/search-legend/tf210/tensorflow/python/util/py_checkpoint_reader_wrapper.cc, test_output/search-legend/tf210/tensorflow/python/util/nest_wrapper.cc, test_output/search-legend/tf210/tensorflow/python/util/stat_summarizer_wrapper.cc, test_output/search-legend/tf210/tensorflow/python/util/transform_graph_wrapper.cc, test_output/search-legend/tf210/tensorflow/python/util/port_wrapper.cc, test_output/search-legend/tf210/tensorflow/python/util/tfprof_wrapper.cc, test_output/search-legend/tf210/tensorflow/python/util/determinism.cc, test_output/search-legend/tf210/tensorflow/python/util/kernel_registry_wrapper.cc, test_output/search-legend/tf210/tensorflow/python/util/tf_stack.cc, test_output/search-legend/tf210/tensorflow/python/platform/enable_tf2.cc, test_output/search-legend/tf210/tensorflow/python/platform/stacktrace_handler_wrapper.cc, test_output/search-legend/tf210/tensorflow/python/platform/cpu_feature_guard_wrapper.cc, test_output/search-legend/tf210/tensorflow/python/grappler/tf_optimizer_wrapper.cc, test_output/search-legend/tf210/tensorflow/python/grappler/graph_analyzer_tool_wrapper.cc, test_output/search-legend/tf210/tensorflow/python/grappler/cost_analyzer_wrapper.cc, test_output/search-legend/tf210/tensorflow/python/grappler/model_analyzer_wrapper.cc, test_output/search-legend/tf210/tensorflow/python/grappler/cluster_wrapper.cc, test_output/search-legend/tf210/tensorflow/python/grappler/item_wrapper.cc, test_output/search-legend/tf210/tensorflow/python/profiler/internal/traceme_wrapper.cc, test_output/search-legend/tf210/tensorflow/python/profiler/internal/profiler_wrapper.cc, test_output/search-legend/tf210/tensorflow/python/saved_model/pywrap_saved_model.cc, test_output/search-legend/tf210/tensorflow/python/autograph/impl/testing/pybind_for_testing.cc, test_output/search-legend/tf210/tensorflow/python/lib/io/record_io_wrapper.cc, test_output/search-legend/tf210/tensorflow/python/lib/io/file_io_wrapper.cc, test_output/search-legend/tf210/tensorflow/python/lib/core/py_func_wrapper.cc, test_output/search-legend/tf210/tensorflow/python/lib/core/bfloat16_wrapper.cc, test_output/search-legend/tf210/tensorflow/python/distribute/parallel_device/pywrap_parallel_device.cc, test_output/search-legend/tf210/tensorflow/python/client/device_lib_wrapper.cc, test_output/search-legend/tf210/tensorflow/python/client/tf_session_wrapper.cc, test_output/search-legend/tf210/tensorflow/python/client/events_writer_wrapper.cc, test_output/search-legend/tf210/tensorflow/python/client/debug_events_writer_wrapper.cc, test_output/search-legend/tf210/tensorflow/lite/kernels/variable_ops_wrapper.cc, test_output/search-legend/tf210/tensorflow/lite/kernels/gradient/gradient_ops_wrapper.cc, test_output/search-legend/tf210/tensorflow/lite/kernels/perception/perception_ops_wrapper.cc, test_output/search-legend/tf210/tensorflow/lite/python/interpreter_wrapper/interpreter_wrapper_pybind11.cc, test_output/search-legend/tf210/tensorflow/lite/python/testdata/test_registerer_wrapper.cc, test_output/search-legend/tf210/tensorflow/lite/python/analyzer_wrapper/analyzer_wrapper.cc, test_output/search-legend/tf210/tensorflow/lite/python/optimize/calibration_wrapper_pybind11.cc, test_output/search-legend/tf210/tensorflow/lite/python/metrics/wrapper/metrics_wrapper_pybind11.cc, test_output/search-legend/tf210/tensorflow/lite/testing/string_util_wrapper.cc, test_output/search-legend/tf210/tensorflow/lite/tools/signature/signature_def_util_wrapper_pybind11.cc, test_output/search-legend/tf210/tensorflow/lite/tools/optimize/python/modify_model_interface.cc, test_output/search-legend/tf210/tensorflow/lite/tools/optimize/sparsity/format_converter_wrapper_pybind11.cc, test_output/search-legend/tf210/tensorflow/core/config/flags_api_wrapper.cc, test_output/search-legend/tf210/tensorflow/core/function/runtime_client_pybind.cc, test_output/search-legend/tf210/tensorflow/core/function/testing/test_pass_pybind.cc, test_output/search-legend/tf210/tensorflow/compiler/mlir/tfrt/jit/python_binding/tf_jitrt_executor.cc, test_output/search-legend/tf210/tensorflow/compiler/mlir/tfrt/jit/python_binding/tfrt_fallback.cc, test_output/search-legend/tf210/tensorflow/compiler/mlir/tfr/python/tfr_wrapper.cc, test_output/search-legend/tf210/tensorflow/compiler/mlir/python/mlir_wrapper/mlir_wrapper.cc, test_output/search-legend/tf210/tensorflow/compiler/mlir/python/mlir_wrapper/filecheck_wrapper.cc, test_output/search-legend/tf210/tensorflow/compiler/mlir/lite/experimental/tac/py_wrapper/tac_wrapper_pybind11.cc, test_output/search-legend/tf210/tensorflow/compiler/mlir/hlo/python/MlirHloModule.cc, test_output/search-legend/tf210/tensorflow/compiler/mlir/quantization/tensorflow/python/pywrap_quantize_model.cc, test_output/search-legend/tf210/tensorflow/compiler/xla/python/xla.cc, test_output/search-legend/tf210/tensorflow/compiler/xla/python/tpu_driver/client/tpu_client_extension.cc, test_output/search-legend/tf210/tensorflow/compiler/tf2tensorrt/utils/py_utils_wrapper.cc"
aarnphm,whispercpp,https://github.com/aarnphm/whispercpp,223,,,"test_output/whispercpp/src/whispercpp/api_cpp2py_export.cc, test_output/whispercpp/src/whispercpp/audio.cc"
NVlabs,cule,https://github.com/NVlabs/cule,219,,,test_output/cule/torchcule/frontend.cpp
CMU-Perceptual-Computing-Lab,openpose,https://github.com/CMU-Perceptual-Computing-Lab/openpose,28400,7425,2023-10-17T23:35:19Z,
halide,Halide,https://github.com/halide/Halide,5549,1005,2023-10-23T11:09:23Z,"['test_output/Halide/apps/onnx/model.cpp', 'test_output/Halide/python_bindings/src/halide/halide_/PyHalide.cpp']"
Oneflow-Inc,oneflow,https://github.com/Oneflow-Inc/oneflow,5367,610,2023-10-23T11:57:01Z,"['test_output/oneflow/oneflow/api/python/profiler.cpp', 'test_output/oneflow/oneflow/api/python/ir.cpp', 'test_output/oneflow/oneflow/api/python/of_api_registry.h', 'test_output/oneflow/oneflow/api/python/deprecated.cpp', 'test_output/oneflow/oneflow/api/python/flags.cpp', 'test_output/oneflow/oneflow/api/python/stack_getter.cpp', 'test_output/oneflow/oneflow/api/python/init.cpp', 'test_output/oneflow/oneflow/api/python/gil_foreign_lock_helper.cpp', 'test_output/oneflow/oneflow/api/python/multiprocessing/shared_memory.cpp', 'test_output/oneflow/oneflow/api/python/multiprocessing/init.cpp', 'test_output/oneflow/oneflow/api/python/eager/eager.cpp', 'test_output/oneflow/oneflow/api/python/session/session.cpp', 'test_output/oneflow/oneflow/api/python/caster/test.cpp', 'test_output/oneflow/oneflow/api/python/job_build/job_build_and_infer.cpp', 'test_output/oneflow/oneflow/api/python/job_build/lazy_mode.cpp', 'test_output/oneflow/oneflow/api/python/symbol/scope_symbol.cpp', 'test_output/oneflow/oneflow/api/python/symbol/op_conf_symbol.cpp', 'test_output/oneflow/oneflow/api/python/symbol/job_conf_symbol.cpp', 'test_output/oneflow/oneflow/api/python/symbol/sbp_symbol.cpp', 'test_output/oneflow/oneflow/api/python/symbol/placement_symbol.cpp', 'test_output/oneflow/oneflow/api/python/framework/parallel_conf_util.cpp', 'test_output/oneflow/oneflow/api/python/framework/random_generator.cpp', 'test_output/oneflow/oneflow/api/python/framework/scope_util.cpp', 'test_output/oneflow/oneflow/api/python/framework/instructions_builder.cpp', 'test_output/oneflow/oneflow/api/python/framework/tensor.cpp', 'test_output/oneflow/oneflow/api/python/framework/size.cpp', 'test_output/oneflow/oneflow/api/python/framework/session_util.cpp', 'test_output/oneflow/oneflow/api/python/framework/memory_format.cpp', 'test_output/oneflow/oneflow/api/python/framework/py_kernel_registry.cpp', 'test_output/oneflow/oneflow/api/python/framework/global_mode.cpp', 'test_output/oneflow/oneflow/api/python/framework/variable_tensor_mgr.cpp', 'test_output/oneflow/oneflow/api/python/framework/op_builder.cpp', 'test_output/oneflow/oneflow/api/python/framework/nn_graph.cpp', 'test_output/oneflow/oneflow/api/python/framework/tensortype.cpp', 'test_output/oneflow/oneflow/api/python/framework/op_expr.cpp', 'test_output/oneflow/oneflow/api/python/framework/id_state.cpp', 'test_output/oneflow/oneflow/api/python/framework/one_embedding.cpp', 'test_output/oneflow/oneflow/api/python/framework/device.cpp', 'test_output/oneflow/oneflow/api/python/framework/shut_down_util.cpp', 'test_output/oneflow/oneflow/api/python/framework/thread.cpp', 'test_output/oneflow/oneflow/api/python/framework/autocast.cpp', 'test_output/oneflow/oneflow/api/python/framework/tensor_tuple.cpp', 'test_output/oneflow/oneflow/api/python/framework/stream.cpp', 'test_output/oneflow/oneflow/api/python/framework/id_util.cpp', 'test_output/oneflow/oneflow/api/python/framework/doc.cpp', 'test_output/oneflow/oneflow/api/python/framework/dtype.cpp', 'test_output/oneflow/oneflow/api/python/framework/typeinfo.cpp', 'test_output/oneflow/oneflow/api/python/framework/layout.cpp', 'test_output/oneflow/oneflow/api/python/framework/framework.cpp', 'test_output/oneflow/oneflow/api/python/utils/dataloader.cpp', 'test_output/oneflow/oneflow/api/python/numpy/init_numpy_c_api.cpp', 'test_output/oneflow/oneflow/api/python/env/env.cpp', 'test_output/oneflow/oneflow/api/python/registry/registry.cpp', 'test_output/oneflow/oneflow/api/python/remat/remat.cpp', 'test_output/oneflow/oneflow/api/python/rpc/rank_group.cpp', 'test_output/oneflow/oneflow/api/python/rpc/ccl.cpp', 'test_output/oneflow/oneflow/api/python/ep/cuda_matmul_mode.cpp', 'test_output/oneflow/oneflow/api/python/autograd/autograd.cpp', 'test_output/oneflow/oneflow/api/python/autograd/function_node.cpp', 'test_output/oneflow/oneflow/api/python/autograd/autograd_mode.cpp', 'test_output/oneflow/oneflow/api/python/autograd/autograd_function_state.cpp', 'test_output/oneflow/oneflow/api/python/autograd/autograd_engine.cpp', 'test_output/oneflow/oneflow/api/python/autograd/autograd_function.cpp', 'test_output/oneflow/oneflow/api/python/exception/exception.cpp', 'test_output/oneflow/oneflow/api/python/dlpack/converter.cpp']"
mamba-org,mamba,https://github.com/mamba-org/mamba,5271,293,2023-10-23T15:32:57Z,['test_output/mamba/libmambapy/src/main.cpp']
BoomingTech,Piccolo,https://github.com/BoomingTech/Piccolo,5106,1632,2023-10-23T02:18:53Z,['test_output/Piccolo/engine/3rdparty/tinyobjloader/python/bindings.cc']
openvinotoolkit,openvino,https://github.com/openvinotoolkit/openvino,4808,1661,2023-10-23T15:32:15Z,"['test_output/openvino/src/bindings/python/src/compatibility/pyngraph/pyngraph.cpp', 'test_output/openvino/src/bindings/python/src/pyopenvino/pyopenvino.cpp', 'test_output/openvino/src/bindings/python/src/pyopenvino/frontend/paddle/py_module.cpp', 'test_output/openvino/src/bindings/python/src/pyopenvino/frontend/pytorch/py_module.cpp', 'test_output/openvino/src/bindings/python/src/pyopenvino/frontend/tensorflow/py_module.cpp', 'test_output/openvino/src/bindings/python/src/pyopenvino/frontend/onnx/py_module.cpp', 'test_output/openvino/src/bindings/python/src/pyopenvino/test_utils/test_utils.cpp', 'test_output/openvino/src/bindings/python/tests/mock/pyngraph_fe_mock_api/pyngraph_mock_frontend_api.cpp', 'test_output/openvino/tools/mo/unit_tests/mock_mo_frontend/mock_mo_python_api/mock_mo_python_api.cpp']"
cvxpy,cvxpy,https://github.com/cvxpy/cvxpy,4757,978,2023-10-22T19:39:47Z,['test_output/cvxpy/cvxpy/utilities/cpp/sparsecholesky/main.cpp']
MegEngine,MegEngine,https://github.com/MegEngine/MegEngine,4626,520,2023-10-23T07:32:40Z,['test_output/MegEngine/imperative/python/src/module.cpp']
nmslib,nmslib,https://github.com/nmslib/nmslib,3155,419.0,2023-10-18T22:16:45Z,['test_output/nmslib/python_bindings/nmslib.cc']
tinyobjloader,tinyobjloader,https://github.com/tinyobjloader/tinyobjloader,3000,572.0,2023-08-23T16:33:34Z,['test_output/tinyobjloader/python/bindings.cc']
argman,EAST,https://github.com/argman/EAST,2966,1021.0,2022-11-22T01:55:26Z,['test_output/EAST/lanms/include/pybind11/common.h']
kungfu-origin,kungfu,https://github.com/kungfu-origin/kungfu,2939,994.0,2022-12-12T09:52:00Z,"['test_output/kungfu/core/extensions/xtp/src/pybind_xtp.cpp', 'test_output/kungfu/core/extensions/ctp/src/pybind_ctp.cpp', 'test_output/kungfu/core/deps/pybind11-2.2.4/include/pybind11/pybind11.h', 'test_output/kungfu/core/deps/pybind11-2.2.4/include/pybind11/cast.h', 'test_output/kungfu/core/deps/pybind11-2.2.4/include/pybind11/detail/internals.h', 'test_output/kungfu/core/deps/pybind11-2.2.4/include/pybind11/detail/common.h', 'test_output/kungfu/core/deps/pybind11-2.2.4/tests/pybind11_cross_module_tests.cpp', 'test_output/kungfu/core/deps/pybind11-2.2.4/tests/pybind11_tests.cpp', 'test_output/kungfu/core/deps/pybind11-2.2.4/tests/test_embed/external_module.cpp', 'test_output/kungfu/core/cpp/wingchun/pybind/pybind_wingchun.cpp', 'test_output/kungfu/core/cpp/yijinjing/pybind/pybind_yjj.cpp', 'test_output/kungfu/examples/extension/src/pybind_kfextdemo.cpp', 'test_output/kungfu/examples/strategy/cpp/src/demo_strategy.cpp']"
NVlabs,tiny-cuda-nn,https://github.com/NVlabs/tiny-cuda-nn,2926,359.0,2023-10-13T18:10:48Z,['test_output/tiny-cuda-nn/bindings/torch/tinycudann/bindings.cpp']
raboof,nethogs,https://github.com/raboof/nethogs,2803,268.0,2023-10-02T14:30:14Z,['test_output/nethogs/python/bindings.cpp']
RobotLocomotion,drake,https://github.com/RobotLocomotion/drake,2781,1094.0,2023-10-20T05:32:02Z,"['test_output/drake/bindings/bazel_workaround_4594_libdrake_py.cc', 'test_output/drake/bindings/pydrake/polynomial_py.cc', 'test_output/drake/bindings/pydrake/lcm_py.cc', 'test_output/drake/bindings/pydrake/perception_py.cc', 'test_output/drake/bindings/pydrake/pydrake_doxygen.h', 'test_output/drake/bindings/pydrake/trajectories_py.cc', 'test_output/drake/bindings/pydrake/test/odr_test_module_py.cc', 'test_output/drake/bindings/pydrake/systems/analysis_py.cc', 'test_output/drake/bindings/pydrake/systems/primitives_py.cc', 'test_output/drake/bindings/pydrake/systems/lcm_py.cc', 'test_output/drake/bindings/pydrake/systems/rendering_py.cc', 'test_output/drake/bindings/pydrake/systems/framework_py.cc', 'test_output/drake/bindings/pydrake/systems/sensors_py.cc', 'test_output/drake/bindings/pydrake/systems/controllers_py.cc', 'test_output/drake/bindings/pydrake/systems/test/test_util_py.cc', 'test_output/drake/bindings/pydrake/geometry/geometry_py.cc', 'test_output/drake/bindings/pydrake/symbolic/symbolic_py.cc', 'test_output/drake/bindings/pydrake/visualization/visualization_py.cc', 'test_output/drake/bindings/pydrake/math/math_py.cc', 'test_output/drake/bindings/pydrake/solvers/solvers_py.cc', 'test_output/drake/bindings/pydrake/manipulation/manipulation_py.cc', 'test_output/drake/bindings/pydrake/multibody/parsing_py.cc', 'test_output/drake/bindings/pydrake/multibody/fem_py.cc', 'test_output/drake/bindings/pydrake/multibody/tree_py.cc', 'test_output/drake/bindings/pydrake/multibody/benchmarks_py.cc', 'test_output/drake/bindings/pydrake/multibody/rational_py.cc', 'test_output/drake/bindings/pydrake/multibody/math_py.cc', 'test_output/drake/bindings/pydrake/multibody/meshcat_py.cc', 'test_output/drake/bindings/pydrake/multibody/optimization_py.cc', 'test_output/drake/bindings/pydrake/multibody/plant_py.cc', 'test_output/drake/bindings/pydrake/multibody/inverse_kinematics_py.cc', 'test_output/drake/bindings/pydrake/common/module_py.cc', 'test_output/drake/bindings/pydrake/common/value_py.cc', 'test_output/drake/bindings/pydrake/common/schema_py.cc', 'test_output/drake/bindings/pydrake/common/eigen_geometry_py.cc', 'test_output/drake/bindings/pydrake/common/test/serialize_test_util_py.cc', 'test_output/drake/bindings/pydrake/common/test/text_logging_test_helpers_py.cc', 'test_output/drake/bindings/pydrake/common/test/wrap_test_util_py.cc', 'test_output/drake/bindings/pydrake/common/test/compatibility_test_util_py.cc', 'test_output/drake/bindings/pydrake/common/test/serialize_test_foo_py.cc', 'test_output/drake/bindings/pydrake/common/test/value_test_util_py.cc', 'test_output/drake/bindings/pydrake/common/test/eigen_pybind_test_util_py.cc', 'test_output/drake/bindings/pydrake/common/test/eigen_geometry_test_util_py.cc', 'test_output/drake/bindings/pydrake/common/test/serialize_test_bar_py.cc', 'test_output/drake/bindings/pydrake/common/test/deprecation_example/cc_module_py.cc', 'test_output/drake/bindings/pydrake/autodiffutils/autodiffutils_py.cc', 'test_output/drake/bindings/pydrake/autodiffutils/test/autodiffutils_test_util_py.cc', 'test_output/drake/bindings/pydrake/planning/planning_py.cc', 'test_output/drake/bindings/pydrake/examples/examples_py.cc', 'test_output/drake/tools/workspace/pybind11/test/sample_header_py.cc']"
uncrustify,uncrustify,https://github.com/uncrustify/uncrustify,2742,522.0,2023-10-19T12:41:20Z,"['test_output/uncrustify/tests/input/cpp/Issue_2574.cpp', 'test_output/uncrustify/tests/expected/cpp/33203-Issue_2574.cpp']"
facebookincubator,velox,https://github.com/facebookincubator/velox,2701,701.0,2023-10-20T06:33:19Z,['test_output/velox/pyvelox/pyvelox.cpp']
facebookresearch,StarSpace,https://github.com/facebookresearch/StarSpace,3895,524.0,2022-12-04T04:02:21Z,['test_output/StarSpace/python/starspace_pybind.cc']
valhalla,valhalla,https://github.com/valhalla/valhalla,3872,584.0,2023-10-19T19:21:51Z,['test_output/valhalla/src/bindings/python/python.cc']
google-deepmind,open_spiel,https://github.com/google-deepmind/open_spiel,3803,821.0,2023-10-19T16:10:55Z,"['test_output/open_spiel/open_spiel/eigen/pyspiel_eigen_test.cc', 'test_output/open_spiel/open_spiel/python/pybind11/pyspiel.cc']"
dpilger26,NumCpp,https://github.com/dpilger26/NumCpp,3135,491.0,2023-10-18T02:31:15Z,"['test_output/NumCpp/test/pytest/src/NumCppPy.cpp', 'test_output/NumCpp/test/pytest/src/pybind11/pybind11/pybind11.h', 'test_output/NumCpp/test/pytest/src/pybind11/pybind11/detail/internals.h', 'test_output/NumCpp/test/pytest/src/pybind11/pybind11/detail/type_caster_base.h', 'test_output/NumCpp/test/pytest/src/pybind11/pybind11/detail/common.h']"
pytorch,glow,https://github.com/pytorch/glow,3055,660.0,2023-10-19T23:03:11Z,['test_output/glow/torch_glow/src/binding.cpp']
bytedance,lightseq,https://github.com/bytedance/lightseq,2952,305.0,2023-05-16T10:47:48Z,"['test_output/lightseq/lightseq/csrc/pybind/pybind_kernel_x86.cpp', 'test_output/lightseq/lightseq/csrc/pybind/pybind_layer_new.cpp', 'test_output/lightseq/lightseq/csrc/pybind/pybind_adam.cpp', 'test_output/lightseq/lightseq/csrc/pybind/pybind_op.cpp', 'test_output/lightseq/lightseq/csrc/pybind/pybind_layer.cpp', 'test_output/lightseq/lightseq/csrc/pybind/pybind_kernel_cuda.cpp', 'test_output/lightseq/lightseq/csrc/pybind/pybind_model.cpp', 'test_output/lightseq/lightseq/inference/pywrapper/wrapper.cc']"
parallel101,course,https://github.com/parallel101/course,2855,424.0,2023-09-24T05:36:47Z,['test_output/course/06/03_benchmark/05/benchmark/bindings/python/google_benchmark/benchmark.cc']
cms-sw,cmssw,https://github.com/cms-sw/cmssw,986,3858.0,2023-10-20T08:11:19Z,"['test_output/cmssw/FWCore/PythonFramework/src/PythonModule.cc', 'test_output/cmssw/FWCore/PythonParameterSet/src/PyBind11Module.h', 'test_output/cmssw/L1Trigger/Phase2L1GT/src/L1GTScales.cc', 'test_output/cmssw/CondCore/Utilities/plugins/Module_PayloadInspector.cc', 'test_output/cmssw/CondCore/Utilities/interface/Payload2XMLModule.h', 'test_output/cmssw/CondCore/Utilities/interface/PayloadInspectorModule.h', 'test_output/cmssw/CondCore/CondDB/plugins/CondDBPyBind11Wrappers.cc', 'test_output/cmssw/CondCore/EcalPlugins/plugins/EcalPyUtils.cc']"
DeepRec-AI,DeepRec,https://github.com/DeepRec-AI/DeepRec,886,300.0,2023-10-20T02:49:36Z,"['test_output/DeepRec/tensorflow/python/util/tensor_float_32.cc', 'test_output/DeepRec/tensorflow/python/util/tf_stack.cc', 'test_output/DeepRec/tensorflow/core/kernels/data/parquet_pybind.cc', 'test_output/DeepRec/tensorflow/compiler/xla/python/xla.cc', 'test_output/DeepRec/tensorflow/compiler/xla/python/tpu_driver/client/tpu_client_extension.cc']"
andrewssobral,bgslibrary,https://github.com/andrewssobral/bgslibrary,2114,719.0,2023-03-05T18:41:20Z,['test_output/bgslibrary/wrapper/python/bgslibrary_module.cpp']
shouxieai,tensorRT_Pro,https://github.com/shouxieai/tensorRT_Pro,2108,480.0,2023-05-24T05:27:21Z,"['test_output/tensorRT_Pro/src/application/app_python/interface.cpp', 'test_output/tensorRT_Pro/src/application/tools/pybind11.hpp', 'test_output/tensorRT_Pro/example-hard-decode-pybind/src/interface.cpp', 'test_output/tensorRT_Pro/example-hard-decode-pybind/src/pybind11.hpp']"
facebookresearch,ELF,https://github.com/facebookresearch/ELF,2091,283.0,2021-08-30T20:13:52Z,"['test_output/ELF/go/python_wrapper.cc', 'test_output/ELF/vendor/pybind11/include/pybind11/pybind11.h', 'test_output/ELF/vendor/pybind11/include/pybind11/cast.h', 'test_output/ELF/vendor/pybind11/include/pybind11/detail/internals.h', 'test_output/ELF/vendor/pybind11/include/pybind11/detail/common.h', 'test_output/ELF/atari/python_wrapper.cc', 'test_output/ELF/rts/game_CF/python_wrapper.cc', 'test_output/ELF/rts/game_TD/python_wrapper.cc', 'test_output/ELF/rts/game_MC/python_wrapper.cc']"
Smorodov,Multitarget-tracker,https://github.com/Smorodov/Multitarget-tracker,2025,608.0,2023-10-06T21:39:36Z,"['test_output/Multitarget-tracker/src/python_bind/mtracker.cpp', 'test_output/Multitarget-tracker/thirdparty/pybind11/include/pybind11/pybind11.h', 'test_output/Multitarget-tracker/thirdparty/pybind11/include/pybind11/cast.h', 'test_output/Multitarget-tracker/thirdparty/pybind11/include/pybind11/detail/internals.h', 'test_output/Multitarget-tracker/thirdparty/pybind11/include/pybind11/detail/common.h']"
Farama-Foundation,Arcade-Learning-Environment,https://github.com/Farama-Foundation/Arcade-Learning-Environment,2008,363.0,2023-09-20T20:44:14Z,['test_output/Arcade-Learning-Environment/src/python/ale_python_interface.hpp']
openxla,xla,https://github.com/openxla/xla,1688,196.0,2023-10-20T09:45:07Z,"['test_output/xla/xla/python/status_casters_ext.cc', 'test_output/xla/xla/python/xla.cc', 'test_output/xla/xla/mlir_hlo/bindings/python/MlirHloModule.cc']"
openseg-group,OCNet.pytorch,https://github.com/openseg-group/OCNet.pytorch,811,131.0,2021-02-16T13:01:04Z,['test_output/OCNet.pytorch/inplace_abn/src/inplace_abn.cpp']
huggingface,text-generation-inference,https://github.com/huggingface/text-generation-inference,5531,545.0,2023-10-20T10:55:57Z,['test_output/text-generation-inference/server/exllama_kernels/exllama_kernels/exllama_ext.cpp']
XPixelGroup,BasicSR,https://github.com/XPixelGroup/BasicSR,5465,968.0,2023-09-15T12:41:57Z,"['test_output/BasicSR/basicsr/ops/fused_act/src/fused_bias_act.cpp', 'test_output/BasicSR/basicsr/ops/upfirdn2d/src/upfirdn2d.cpp', 'test_output/BasicSR/basicsr/ops/dcn/src/deform_conv_ext.cpp']"
open-mmlab,mmcv,https://github.com/open-mmlab/mmcv,5265,1526.0,2023-10-20T08:52:14Z,['test_output/mmcv/mmcv/ops/csrc/pytorch/pybind.cpp']
Project-MONAI,MONAI,https://github.com/Project-MONAI/MONAI,4737,865.0,2023-10-20T08:59:04Z,"['test_output/MONAI/monai/csrc/ext.cpp', 'test_output/MONAI/monai/_extensions/gmm/gmm.cpp']"
nv-tlabs,GET3D,https://github.com/nv-tlabs/GET3D,3874,328.0,2023-09-15T15:51:19Z,"['test_output/GET3D/torch_utils/ops/filtered_lrelu.cpp', 'test_output/GET3D/torch_utils/ops/bias_act.cpp', 'test_output/GET3D/torch_utils/ops/upfirdn2d.cpp']"
NVlabs,imaginaire,https://github.com/NVlabs/imaginaire,3869,431.0,2022-11-29T10:24:50Z,"['test_output/imaginaire/imaginaire/third_party/correlation/src/correlation_cuda.cc', 'test_output/imaginaire/imaginaire/third_party/bias_act/src/bias_act_cuda.cc', 'test_output/imaginaire/imaginaire/third_party/upfirdn2d/src/upfirdn2d_cuda.cc', 'test_output/imaginaire/imaginaire/third_party/channelnorm/src/channelnorm_cuda.cc', 'test_output/imaginaire/imaginaire/third_party/resample2d/src/resample2d_cuda.cc', 'test_output/imaginaire/imaginaire/model_utils/gancraft/voxlib/voxlib.cpp']"
ifzhang,ByteTrack,https://github.com/ifzhang/ByteTrack,3706,702.0,2023-10-19T00:30:09Z,['test_output/ByteTrack/yolox/layers/csrc/vision.cpp']
apple,coremltools,https://github.com/apple/coremltools,3686,523.0,2023-10-20T02:49:17Z,"['test_output/coremltools/deps/pybind11/include/pybind11/pybind11.h', 'test_output/coremltools/deps/pybind11/include/pybind11/detail/internals.h', 'test_output/coremltools/deps/pybind11/include/pybind11/detail/type_caster_base.h', 'test_output/coremltools/deps/pybind11/include/pybind11/detail/common.h', 'test_output/coremltools/deps/pybind11/tests/pybind11_cross_module_tests.cpp', 'test_output/coremltools/deps/pybind11/tests/eigen_tensor_avoid_stl_array.cpp', 'test_output/coremltools/deps/pybind11/tests/pybind11_tests.cpp', 'test_output/coremltools/deps/pybind11/tests/cross_module_gil_utils.cpp', 'test_output/coremltools/deps/pybind11/tests/cross_module_interleaved_error_already_set.cpp', 'test_output/coremltools/deps/pybind11/tests/test_embed/external_module.cpp', 'test_output/coremltools/deps/pybind11/tests/test_cmake_build/main.cpp']"
lllyasviel,ControlNet-v1-1-nightly,https://github.com/lllyasviel/ControlNet-v1-1-nightly,3627,273.0,2023-08-10T02:32:31Z,"['test_output/ControlNet-v1-1-nightly/annotator/oneformer/detectron2/layers/csrc/vision.cpp', 'test_output/ControlNet-v1-1-nightly/annotator/oneformer/oneformer/modeling/pixel_decoder/ops/src/vision.cpp']"
pytorch,text,https://github.com/pytorch/text,3378,771.0,2023-10-19T11:34:39Z,['test_output/text/torchtext/csrc/register_pybindings.cpp']
ZJULearning,ttfnet,https://github.com/ZJULearning/ttfnet,476,95.0,2022-05-14T01:52:30Z,"['test_output/ttfnet/mmdet/ops/sigmoid_focal_loss/src/sigmoid_focal_loss.cpp', 'test_output/ttfnet/mmdet/ops/roi_align/src/roi_align_cuda.cpp', 'test_output/ttfnet/mmdet/ops/masked_conv/src/masked_conv2d_cuda.cpp', 'test_output/ttfnet/mmdet/ops/nms/src/nms_cpu.cpp', 'test_output/ttfnet/mmdet/ops/nms/src/nms_cuda.cpp', 'test_output/ttfnet/mmdet/ops/dcn/src/deform_pool_cuda.cpp', 'test_output/ttfnet/mmdet/ops/dcn/src/deform_conv_cuda.cpp', 'test_output/ttfnet/mmdet/ops/roi_pool/src/roi_pool_cuda.cpp']"
yongxinw,GSDT,https://github.com/yongxinw/GSDT,449,70.0,2022-03-06T13:23:07Z,['test_output/GSDT/src/lib/models/networks/DCNv2/src/vision.cpp']
Yuliang-Liu,bezier_curve_text_spotting,https://github.com/Yuliang-Liu/bezier_curve_text_spotting,418,71.0,2022-04-28T08:17:48Z,['test_output/bezier_curve_text_spotting/maskrcnn_benchmark/csrc/vision.cpp']
YonghaoHe,LFD-A-Light-and-Fast-Detector,https://github.com/YonghaoHe/LFD-A-Light-and-Fast-Detector,404,83.0,2021-09-13T09:39:47Z,"['test_output/LFD-A-Light-and-Fast-Detector/lfd/model/utils/build/nms/src/nms_ext.cpp', 'test_output/LFD-A-Light-and-Fast-Detector/lfd/model/losses/build/sigmoid_focal_loss/src/sigmoid_focal_loss_ext.cpp']"
taokong,FoveaBox,https://github.com/taokong/FoveaBox,370,45.0,2023-06-29T04:24:08Z,"['test_output/FoveaBox/mmdet/ops/sigmoid_focal_loss/src/sigmoid_focal_loss.cpp', 'test_output/FoveaBox/mmdet/ops/roi_align/src/roi_align_cuda.cpp', 'test_output/FoveaBox/mmdet/ops/masked_conv/src/masked_conv2d_cuda.cpp', 'test_output/FoveaBox/mmdet/ops/nms/src/nms_cpu.cpp', 'test_output/FoveaBox/mmdet/ops/nms/src/nms_cuda.cpp', 'test_output/FoveaBox/mmdet/ops/dcn/src/deform_pool_cuda.cpp', 'test_output/FoveaBox/mmdet/ops/dcn/src/deform_conv_cuda.cpp', 'test_output/FoveaBox/mmdet/ops/roi_pool/src/roi_pool_cuda.cpp']"
csuhan,ReDet,https://github.com/csuhan/ReDet,360,75.0,2022-04-28T12:13:50Z,"['test_output/ReDet/mmdet/ops/sigmoid_focal_loss/src/sigmoid_focal_loss.cpp', 'test_output/ReDet/mmdet/ops/roi_align/src/roi_align_cuda.cpp', 'test_output/ReDet/mmdet/ops/masked_conv/src/masked_conv2d_cuda.cpp', 'test_output/ReDet/mmdet/ops/roi_align_rotated/src/roi_align_rotated_cuda.cpp', 'test_output/ReDet/mmdet/ops/nms/src/nms_cpu.cpp', 'test_output/ReDet/mmdet/ops/nms/src/nms_cuda.cpp', 'test_output/ReDet/mmdet/ops/poly_nms/src/poly_nms_cuda.cpp', 'test_output/ReDet/mmdet/ops/psroi_align_rotated/src/psroi_align_rotated_cuda.cpp', 'test_output/ReDet/mmdet/ops/dcn/src/deform_pool_cuda.cpp', 'test_output/ReDet/mmdet/ops/dcn/src/deform_conv_cuda.cpp', 'test_output/ReDet/mmdet/ops/roi_pool/src/roi_pool_cuda.cpp', 'test_output/ReDet/mmdet/ops/riroi_align/src/riroi_align_cuda.cpp']"
nupurkmr9,vision-aided-gan,https://github.com/nupurkmr9/vision-aided-gan,359,23.0,2022-09-09T02:37:31Z,"['test_output/vision-aided-gan/stylegan3/torch_utils/ops/filtered_lrelu.cpp', 'test_output/vision-aided-gan/stylegan3/torch_utils/ops/bias_act.cpp', 'test_output/vision-aided-gan/stylegan3/torch_utils/ops/upfirdn2d.cpp', 'test_output/vision-aided-gan/stylegan2/torch_utils/ops/bias_act.cpp', 'test_output/vision-aided-gan/stylegan2/torch_utils/ops/upfirdn2d.cpp']"
FishYuLi,BalancedGroupSoftmax,https://github.com/FishYuLi/BalancedGroupSoftmax,348,62.0,2022-06-22T02:17:56Z,"['test_output/BalancedGroupSoftmax/mmdet/ops/sigmoid_focal_loss/src/sigmoid_focal_loss.cpp', 'test_output/BalancedGroupSoftmax/mmdet/ops/roi_align/src/roi_align_cuda.cpp', 'test_output/BalancedGroupSoftmax/mmdet/ops/masked_conv/src/masked_conv2d_cuda.cpp', 'test_output/BalancedGroupSoftmax/mmdet/ops/nms/src/nms_cpu.cpp', 'test_output/BalancedGroupSoftmax/mmdet/ops/nms/src/nms_cuda.cpp', 'test_output/BalancedGroupSoftmax/mmdet/ops/dcn/src/deform_pool_cuda.cpp', 'test_output/BalancedGroupSoftmax/mmdet/ops/dcn/src/deform_conv_cuda.cpp', 'test_output/BalancedGroupSoftmax/mmdet/ops/roi_pool/src/roi_pool_cuda.cpp']"
Megvii-CSG,MegReader,https://github.com/Megvii-CSG/MegReader,344,68.0,2019-12-24T03:56:39Z,"['test_output/MegReader/ops/ctc_2d/csrc/ctc2d.cpp', 'test_output/MegReader/assets/ops/dcn/src/deform_pool_cuda.cpp', 'test_output/MegReader/assets/ops/dcn/src/deform_conv_cuda.cpp']"
Tencent,ActionDetection-DBG,https://github.com/Tencent/ActionDetection-DBG,340,103.0,2023-04-07T11:28:48Z,['test_output/ActionDetection-DBG/pytorch/custom_op/prop_tcfg_cuda.cpp']
Wangt-CN,VC-R-CNN,https://github.com/Wangt-CN/VC-R-CNN,338,57.0,2021-05-02T05:54:11Z,['test_output/VC-R-CNN/vc_rcnn/csrc/vision.cpp']
lijx10,SO-Net,https://github.com/lijx10/SO-Net,335,82.0,2021-02-24T05:54:38Z,['test_output/SO-Net/models/index_max_ext/index_max.cpp']
SysCV,MaskFreeVIS,https://github.com/SysCV/MaskFreeVIS,327,23.0,2023-04-20T08:09:58Z,"['test_output/MaskFreeVIS/mask2former/modeling/pixel_decoder/ops/src/vision.cpp', 'test_output/MaskFreeVIS/mfvis_nococo/mask2former/modeling/pixel_decoder/ops/src/vision.cpp']"
lrjconan,LanczosNetwork,https://github.com/lrjconan/LanczosNetwork,307,63.0,2019-10-18T14:43:22Z,['test_output/LanczosNetwork/operators/src/segment_reduction_cuda.cpp']
NoamRosenberg,autodeeplab,https://github.com/NoamRosenberg/autodeeplab,304,73.0,2019-11-28T11:15:47Z,['test_output/autodeeplab/modeling/modules/src/inplace_abn.cpp']
youngwanLEE,MPViT,https://github.com/youngwanLEE/MPViT,327,38.0,2022-03-02T02:55:06Z,['test_output/MPViT/deformable_detr/models/ops/src/vision.cpp']
transformers,https://github.com/huggingface/transformers,113697,21628,2023-10-20T20:01:00Z,"['test_output/transformers/src/transformers/kernels/mra/torch_extension.cpp', 'test_output/transformers/src/transformers/kernels/yoso/fast_lsh_cumulation_torch.cpp', 'test_output/transformers/src/transformers/kernels/rwkv/wkv_op.cpp', 'test_output/transformers/src/transformers/kernels/deformable_detr/vision.cpp']",
google-deepmind,mujoco,https://github.com/google-deepmind/mujoco,6297,590,2023-10-23T13:36:19Z,"['test_output/mujoco/python/mujoco/simulate.cc', 'test_output/mujoco/python/mujoco/render.cc', 'test_output/mujoco/python/mujoco/callbacks.cc', 'test_output/mujoco/python/mujoco/structs.cc', 'test_output/mujoco/python/mujoco/enums.cc', 'test_output/mujoco/python/mujoco/constants.cc', 'test_output/mujoco/python/mujoco/errors.cc', 'test_output/mujoco/python/mujoco/rollout.cc', 'test_output/mujoco/python/mujoco/functions.cc']"
plaidml,plaidml,https://github.com/plaidml/plaidml,4546,398,2023-07-23T20:16:29Z,['test_output/plaidml/plaidml/bridge/pytorch/register.cc']
hpcaitech,ColossalAI,https://github.com/hpcaitech/ColossalAI,35000,3912,2023-10-23T11:05:04Z,"['test_output/ColossalAI/colossalai/kernel/cuda_native/csrc/colossal_C_frontend.cpp', 'test_output/ColossalAI/colossalai/kernel/cuda_native/csrc/scaled_masked_softmax.cpp', 'test_output/ColossalAI/colossalai/kernel/cuda_native/csrc/moe_cuda.cpp', 'test_output/ColossalAI/colossalai/kernel/cuda_native/csrc/scaled_upper_triang_masked_softmax.cpp', 'test_output/ColossalAI/colossalai/kernel/cuda_native/csrc/layer_norm_cuda.cpp', 'test_output/ColossalAI/colossalai/kernel/cuda_native/csrc/cpu_adam.cpp', 'test_output/ColossalAI/colossalai/kernel/cuda_native/csrc/multihead_attention_1d.cpp', 'test_output/ColossalAI/colossalai/kernel/cuda_native/csrc/gptq/linear_gptq.cpp', 'test_output/ColossalAI/colossalai/kernel/cuda_native/csrc/smoothquant/binding.cpp', 'test_output/ColossalAI/examples/tutorial/sequence_parallel/data/datasets/helpers.cpp', 'test_output/ColossalAI/examples/community/roberta/preprocessing/mask.cpp']"
XingangPan,DragGAN,https://github.com/XingangPan/DragGAN,33410,3026,2023-10-11T08:11:16Z,"['test_output/DragGAN/torch_utils/ops/filtered_lrelu.cpp', 'test_output/DragGAN/torch_utils/ops/bias_act.cpp', 'test_output/DragGAN/torch_utils/ops/upfirdn2d.cpp', 'test_output/DragGAN/stylegan_human/torch_utils/op_edit/fused_bias_act.cpp', 'test_output/DragGAN/stylegan_human/torch_utils/op_edit/upfirdn2d.cpp', 'test_output/DragGAN/stylegan_human/torch_utils/ops/filtered_lrelu.cpp', 'test_output/DragGAN/stylegan_human/torch_utils/ops/bias_act.cpp', 'test_output/DragGAN/stylegan_human/torch_utils/ops/upfirdn2d.cpp', 'test_output/DragGAN/stylegan_human/pti/pti_models/e4e/stylegan2/op/fused_bias_act.cpp', 'test_output/DragGAN/stylegan_human/pti/pti_models/e4e/stylegan2/op/upfirdn2d.cpp']"
facebookresearch,fairseq,https://github.com/facebookresearch/fairseq,27761,5866,2023-10-23T15:25:17Z,"['test_output/fairseq/fairseq/clib/libbase/balanced_assignment.cpp', 'test_output/fairseq/fairseq/clib/libnat/edit_dist.cpp', 'test_output/fairseq/fairseq/clib/libnat_cuda/binding.cpp', 'test_output/fairseq/fairseq/clib/cuda/ngram_repeat_block_cuda.cpp', 'test_output/fairseq/fairseq/modules/lightconv_layer/lightconv_cuda.cpp', 'test_output/fairseq/fairseq/modules/dynamicconv_layer/dynamiconv_cpu.cpp', 'test_output/fairseq/fairseq/modules/dynamicconv_layer/dynamicconv_cuda.cpp', 'test_output/fairseq/examples/operators/alignment_train_cpu.cpp', 'test_output/fairseq/examples/operators/alignment_train_cuda.cpp']"
gnuradio,gnuradio,https://github.com/gnuradio/gnuradio,4520,1715,2023-10-22T18:03:33Z,"['test_output/gnuradio/gr-qtgui/python/qtgui/bindings/python_bindings.cc', 'test_output/gnuradio/gr-network/python/network/bindings/python_bindings.cc', 'test_output/gnuradio/gr-analog/python/analog/bindings/python_bindings.cc', 'test_output/gnuradio/gr-vocoder/python/vocoder/bindings/python_bindings.cc', 'test_output/gnuradio/gr-audio/python/audio/bindings/python_bindings.cc', 'test_output/gnuradio/gr-blocks/python/blocks/bindings/python_bindings.cc', 'test_output/gnuradio/gr-fec/python/fec/bindings/python_bindings.cc', 'test_output/gnuradio/gr-zeromq/python/zeromq/bindings/python_bindings.cc', 'test_output/gnuradio/gr-digital/python/digital/bindings/python_bindings.cc', 'test_output/gnuradio/gr-dtv/python/dtv/bindings/python_bindings.cc', 'test_output/gnuradio/gr-filter/python/filter/bindings/python_bindings.cc', 'test_output/gnuradio/gr-soapy/python/soapy/bindings/python_bindings.cc', 'test_output/gnuradio/gr-channels/python/channels/bindings/python_bindings.cc', 'test_output/gnuradio/gnuradio-runtime/python/pmt/bindings/python_bindings.cc', 'test_output/gnuradio/gnuradio-runtime/python/gnuradio/gr/bindings/python_bindings.cc', 'test_output/gnuradio/gr-fft/python/fft/bindings/python_bindings.cc', 'test_output/gnuradio/gr-wavelet/python/wavelet/bindings/python_bindings.cc', 'test_output/gnuradio/gr-trellis/python/trellis/bindings/python_bindings.cc', 'test_output/gnuradio/gr-video-sdl/python/video_sdl/bindings/python_bindings.cc', 'test_output/gnuradio/gr-uhd/python/uhd/bindings/python_bindings.cc', 'test_output/gnuradio/gr-iio/python/iio/bindings/python_bindings.cc', 'test_output/gnuradio/gr-utils/modtool/templates/gr-newmod/python/howto/bindings/python_bindings.cc', 'test_output/gnuradio/gr-pdu/python/pdu/bindings/python_bindings.cc']"
gnuradio,gnuradio,https://github.com/gnuradio/gnuradio,4520,1715,2023-10-22T18:03:33Z,"['test_output/gnuradio/gr-qtgui/python/qtgui/bindings/python_bindings.cc', 'test_output/gnuradio/gr-network/python/network/bindings/python_bindings.cc', 'test_output/gnuradio/gr-analog/python/analog/bindings/python_bindings.cc', 'test_output/gnuradio/gr-vocoder/python/vocoder/bindings/python_bindings.cc', 'test_output/gnuradio/gr-audio/python/audio/bindings/python_bindings.cc', 'test_output/gnuradio/gr-blocks/python/blocks/bindings/python_bindings.cc', 'test_output/gnuradio/gr-fec/python/fec/bindings/python_bindings.cc', 'test_output/gnuradio/gr-zeromq/python/zeromq/bindings/python_bindings.cc', 'test_output/gnuradio/gr-digital/python/digital/bindings/python_bindings.cc', 'test_output/gnuradio/gr-dtv/python/dtv/bindings/python_bindings.cc', 'test_output/gnuradio/gr-filter/python/filter/bindings/python_bindings.cc', 'test_output/gnuradio/gr-soapy/python/soapy/bindings/python_bindings.cc', 'test_output/gnuradio/gr-channels/python/channels/bindings/python_bindings.cc', 'test_output/gnuradio/gnuradio-runtime/python/pmt/bindings/python_bindings.cc', 'test_output/gnuradio/gnuradio-runtime/python/gnuradio/gr/bindings/python_bindings.cc', 'test_output/gnuradio/gr-fft/python/fft/bindings/python_bindings.cc', 'test_output/gnuradio/gr-wavelet/python/wavelet/bindings/python_bindings.cc', 'test_output/gnuradio/gr-trellis/python/trellis/bindings/python_bindings.cc', 'test_output/gnuradio/gr-video-sdl/python/video_sdl/bindings/python_bindings.cc', 'test_output/gnuradio/gr-uhd/python/uhd/bindings/python_bindings.cc', 'test_output/gnuradio/gr-iio/python/iio/bindings/python_bindings.cc', 'test_output/gnuradio/gr-utils/modtool/templates/gr-newmod/python/howto/bindings/python_bindings.cc', 'test_output/gnuradio/gr-pdu/python/pdu/bindings/python_bindings.cc']"
wjakob,nanogui,https://github.com/wjakob/nanogui,4409,554,2023-04-28T13:40:49Z,['test_output/nanogui/python/main.cpp']
gnuradio,gnuradio,https://github.com/gnuradio/gnuradio,4520,1715,2023-10-22T18:03:33Z,"['test_output/gnuradio/gr-qtgui/python/qtgui/bindings/python_bindings.cc', 'test_output/gnuradio/gr-network/python/network/bindings/python_bindings.cc', 'test_output/gnuradio/gr-analog/python/analog/bindings/python_bindings.cc', 'test_output/gnuradio/gr-vocoder/python/vocoder/bindings/python_bindings.cc', 'test_output/gnuradio/gr-audio/python/audio/bindings/python_bindings.cc', 'test_output/gnuradio/gr-blocks/python/blocks/bindings/python_bindings.cc', 'test_output/gnuradio/gr-fec/python/fec/bindings/python_bindings.cc', 'test_output/gnuradio/gr-zeromq/python/zeromq/bindings/python_bindings.cc', 'test_output/gnuradio/gr-digital/python/digital/bindings/python_bindings.cc', 'test_output/gnuradio/gr-dtv/python/dtv/bindings/python_bindings.cc', 'test_output/gnuradio/gr-filter/python/filter/bindings/python_bindings.cc', 'test_output/gnuradio/gr-soapy/python/soapy/bindings/python_bindings.cc', 'test_output/gnuradio/gr-channels/python/channels/bindings/python_bindings.cc', 'test_output/gnuradio/gnuradio-runtime/python/pmt/bindings/python_bindings.cc', 'test_output/gnuradio/gnuradio-runtime/python/gnuradio/gr/bindings/python_bindings.cc', 'test_output/gnuradio/gr-fft/python/fft/bindings/python_bindings.cc', 'test_output/gnuradio/gr-wavelet/python/wavelet/bindings/python_bindings.cc', 'test_output/gnuradio/gr-trellis/python/trellis/bindings/python_bindings.cc', 'test_output/gnuradio/gr-video-sdl/python/video_sdl/bindings/python_bindings.cc', 'test_output/gnuradio/gr-uhd/python/uhd/bindings/python_bindings.cc', 'test_output/gnuradio/gr-iio/python/iio/bindings/python_bindings.cc', 'test_output/gnuradio/gr-utils/modtool/templates/gr-newmod/python/howto/bindings/python_bindings.cc', 'test_output/gnuradio/gr-pdu/python/pdu/bindings/python_bindings.cc']"
wjakob,nanogui,https://github.com/wjakob/nanogui,4409,554,2023-04-28T13:40:49Z,['test_output/nanogui/python/main.cpp']
Tencent,TNN,https://github.com/Tencent/TNN,4136,715,2023-10-19T06:35:17Z,"['test_output/TNN/tools/onnx2tnn/onnx-converter/onnx2tnn_convert.cc', 'test_output/TNN/tools/onnx2tnn/onnx-converter/pybind11/include/pybind11/pybind11.h', 'test_output/TNN/tools/onnx2tnn/onnx-converter/pybind11/include/pybind11/cast.h', 'test_output/TNN/tools/onnx2tnn/onnx-converter/pybind11/include/pybind11/detail/internals.h', 'test_output/TNN/tools/onnx2tnn/onnx-converter/pybind11/include/pybind11/detail/common.h', 'test_output/TNN/tools/onnx2tnn/onnx-converter/pybind11/tests/pybind11_cross_module_tests.cc', 'test_output/TNN/tools/onnx2tnn/onnx-converter/pybind11/tests/cross_module_gil_utils.cc', 'test_output/TNN/tools/onnx2tnn/onnx-converter/pybind11/tests/pybind11_tests.cc', 'test_output/TNN/tools/onnx2tnn/onnx-converter/pybind11/tests/pybind11_cross_module_tests.cpp', 'test_output/TNN/tools/onnx2tnn/onnx-converter/pybind11/tests/pybind11_tests.cpp', 'test_output/TNN/tools/onnx2tnn/onnx-converter/pybind11/tests/cross_module_gil_utils.cpp', 'test_output/TNN/tools/onnx2tnn/onnx-converter/pybind11/tests/test_embed/external_module.cc', 'test_output/TNN/tools/onnx2tnn/onnx-converter/pybind11/tests/test_embed/external_module.cpp', 'test_output/TNN/tools/onnx2tnn/onnx-converter/pybind11/tests/test_cmake_build/main.cpp', 'test_output/TNN/tools/onnx2tnn/onnx-converter/pybind11/tests/test_cmake_build/main.cc']"
microsoft,DeepSpeed,https://github.com/microsoft/DeepSpeed,28955,3338,2023-10-23T16:19:34Z,"['test_output/DeepSpeed/csrc/cpu/comm/ccl.cpp', 'test_output/DeepSpeed/csrc/cpu/lion/fused_lion.cpp', 'test_output/DeepSpeed/csrc/cpu/adam/fused_adam.cpp', 'test_output/DeepSpeed/csrc/adagrad/cpu_adagrad.cpp', 'test_output/DeepSpeed/csrc/random_ltd/pt_binding.cpp', 'test_output/DeepSpeed/csrc/lamb/fused_lamb_cuda.cpp', 'test_output/DeepSpeed/csrc/lion/fused_lion_frontend.cpp', 'test_output/DeepSpeed/csrc/lion/cpu_lion.cpp', 'test_output/DeepSpeed/csrc/spatial/csrc/pt_binding.cpp', 'test_output/DeepSpeed/csrc/utils/flatten_unflatten.cpp', 'test_output/DeepSpeed/csrc/aio/py_lib/py_ds_aio.cpp', 'test_output/DeepSpeed/csrc/deepspeed4science/evoformer_attn/attention.cpp', 'test_output/DeepSpeed/csrc/transformer/ds_transformer_cuda.cpp', 'test_output/DeepSpeed/csrc/transformer/inference/csrc/pt_binding.cpp', 'test_output/DeepSpeed/csrc/sparse_attention/utils.cpp', 'test_output/DeepSpeed/csrc/adam/fused_adam_frontend.cpp', 'test_output/DeepSpeed/csrc/adam/cpu_adam.cpp', 'test_output/DeepSpeed/csrc/quantization/pt_binding.cpp']"
microsoft,DeepSpeed,https://github.com/microsoft/DeepSpeed,28955,3338,2023-10-23T16:19:34Z,"['test_output/DeepSpeed/csrc/cpu/comm/ccl.cpp', 'test_output/DeepSpeed/csrc/cpu/lion/fused_lion.cpp', 'test_output/DeepSpeed/csrc/cpu/adam/fused_adam.cpp', 'test_output/DeepSpeed/csrc/adagrad/cpu_adagrad.cpp', 'test_output/DeepSpeed/csrc/random_ltd/pt_binding.cpp', 'test_output/DeepSpeed/csrc/lamb/fused_lamb_cuda.cpp', 'test_output/DeepSpeed/csrc/lion/fused_lion_frontend.cpp', 'test_output/DeepSpeed/csrc/lion/cpu_lion.cpp', 'test_output/DeepSpeed/csrc/spatial/csrc/pt_binding.cpp', 'test_output/DeepSpeed/csrc/utils/flatten_unflatten.cpp', 'test_output/DeepSpeed/csrc/aio/py_lib/py_ds_aio.cpp', 'test_output/DeepSpeed/csrc/deepspeed4science/evoformer_attn/attention.cpp', 'test_output/DeepSpeed/csrc/transformer/ds_transformer_cuda.cpp', 'test_output/DeepSpeed/csrc/transformer/inference/csrc/pt_binding.cpp', 'test_output/DeepSpeed/csrc/sparse_attention/utils.cpp', 'test_output/DeepSpeed/csrc/adam/fused_adam_frontend.cpp', 'test_output/DeepSpeed/csrc/adam/cpu_adam.cpp', 'test_output/DeepSpeed/csrc/quantization/pt_binding.cpp']"
facebookresearch,detectron2,https://github.com/facebookresearch/detectron2,26933,6676,2023-10-16T16:50:20Z,"['test_output/detectron2/detectron2/layers/csrc/vision.cpp', 'test_output/detectron2/projects/TensorMask/tensormask/layers/csrc/vision.cpp']"
